<?xml version="1.0" encoding="UTF-8"?>
<module rename-to='foreign_language_flash_card_generator'>
  <!-- Inherit the core Web Toolkit stuff.                        -->
  <inherits name='com.google.gwt.user.User'/>

  <!-- Inherit the default GWT style sheet.  You can change       -->
  <!-- the theme of your GWT application by uncommenting          -->
  <!-- any one of the following lines.                            -->
  <inherits name='com.google.gwt.user.theme.standard.Standard'/>
  <!-- <inherits name='com.google.gwt.user.theme.chrome.Chrome'/> -->
  <!-- <inherits name='com.google.gwt.user.theme.dark.Dark'/>     -->

  <!-- Other module inherits                                      -->
  <!-- Inherit Google Translate toolkit                           -->
  <inherits name='com.google.gwt.language.Language' />
  <!-- Specify the app entry point class.                         -->
  <entry-point class='edu.tufts.cs.languagedef.client.Foreign_Language_Flash_Card_Generator'/>

  <!-- Specify the paths for translatable code                    -->
  <source path='client'/>
  <source path='shared'/>

</module>
